{"Accuracy Bonus": ["Soul", "Transform", "Fire", "Order"], "Acid Resistance": ["Body", "Negate", "Water", "Chaos"], "Bonus Endurance": ["Body", "Create", "Life", "Energy"], "Bonus Mana": ["Mind", "Create", "Order", "Energy"], "Charisma Bonus": ["Soul", "Transform", "Life", "Knowledge"], "Constitution Bonus": ["Body", "Transform", "Life", "Order"], "Cooldown Reduction": ["Mind", "Transform", "Time", "Energy"], "Critical Chance": ["Soul", "Create", "Chaos", "Order"], "Critical Damage": ["Body", "Transform", "Chaos", "Order"], "Detection Bonus": ["Soul", "Create", "Chaos", "Knowledge"], "Dexterity Bonus": ["Body", "Transform", "Time", "Energy"], "Durable": ["Body", "Transform", "Earth", "Order"], "Endurance Regeneration Bonus": ["Body", "Transfer", "Time", "Energy"], "Evasion Bonus": ["Soul", "Transform", "Air", "Chaos"], "Fire Resistance": ["Body", "Negate", "Fire", "Chaos"], "Fortitude Bonus": ["Body", "Negate", "Death", "Chaos"], "Ice Resistance": ["Body", "Negate", "Water", "Order"], "Intelligence Bonus": ["Mind", "Transform", "Energy", "Knowledge"], "Life Regeneration Bonus": ["Body", "Transfer", "Life", "Time"], "Lockpicking Bonus": ["Mind", "Create", "Order", "Knowledge"], "Lower Mana Cost": ["Mind", "Transform", "Energy", "Order"], "Luck Bonus": ["Soul", "Create", "Chaos", "Energy"], "Magic Resistance": ["Body", "Negate", "Energy", "Knowledge"], "Mana Regeneration": ["Mind", "Transfer", "Energy", "Time"], "Mana Regeneration Bonus": ["Mind", "Transfer", "Time", "Energy"], "Melee Damage Increase": ["Body", "Transform", "Earth", "Chaos"], "Perception Bonus": ["Soul", "Transform", "Chaos", "Knowledge"], "Poison Resistance": ["Body", "Negate", "Earth", "Death"], "Shock Resistance": ["Body", "Negate", "Air", "Energy"], "Spell Damage Increase": ["Mind", "Transform", "Chaos", "Energy"], "Stealth Bonus": ["Soul", "Create", "Air", "Order"], "Strength Bonus": ["Body", "Transform", "Order", "Energy"], "Willpower Bonus": ["Mind", "Negate", "Chaos", "Energy"]}